jaw,depth,force
-160.0,-0.0,-0.01307854666063632
-160.0,-0.0,-0.0038342768914049752
-160.0,-0.0,0.59206896133238152
-160.0,-0.0,0.61720045605306817
-160.0,-0.0,0.55871447685813358
-160.0,-0.0,0.59922595016719682
-160.0,-0.0,0.66942871847658258
-160.0,-0.0,0.58348880597014929
-160.0,-0.0,0.35064227358192313
-160.0,-0.0,0.32465045462343456
-160.0,-0.0,0.24390587469027528
-160.0,-0.0005,0.68554073279089511
-160.0,-0.0005,0.5946499894891738
-160.0,-0.0005,0.60690514525846073
-160.0,-0.0005,0.57762109223386615
-160.0,-0.0005,0.70602935112355236
-160.0,-0.0005,0.65729928201739563
-160.0,-0.0005,0.72806350413537413
-160.0,-0.0005,0.54570895522388052
-160.0,-0.0005,0.52138445702521885
-160.0,-0.0005,0.2681125621890546
-160.0,-0.0005,0.29289758106021618
-160.0,-0.001,0.60207521726101298
-160.0,-0.001,0.62235696517412931
-160.0,-0.001,0.62166752444673179
-160.0,-0.001,0.50595153360125267
-160.0,-0.001,0.62318615257048104
-160.0,-0.001,0.67980410447761197
-160.0,-0.001,0.70382462686567193
-160.0,-0.001,0.66672894895835655
-160.0,-0.001,0.62468318783441279
-160.0,-0.001,0.41697761194029848
-160.0,-0.001,0.33719423714759533
-160.0,-0.0015,0.6922887777424932
-160.0,-0.0015,0.70620065433701074
-160.0,-0.0015,0.67025720454332105
-160.0,-0.0015,0.73134328358208955
-160.0,-0.0015,0.6508233253133241
-160.0,-0.0015,0.74265754326164557
-160.0,-0.0015,0.7808926148478389
-160.0,-0.0015,0.90520278764459217
-160.0,-0.0015,0.76288868159203982
-160.0,-0.0015,0.75795162120432313
-160.0,-0.0015,0.5795934122490991
-160.0,-0.002,0.77214481390515788
-160.0,-0.002,0.93325331385032895
-160.0,-0.002,0.8985882688468485
-160.0,-0.002,0.79554576408736477
-160.0,-0.002,0.89495232172470984
-160.0,-0.002,1.1282131011608625
-160.0,-0.002,1.1284007179293405
-160.0,-0.002,0.99756426202321724
-160.0,-0.002,0.85195025438100624
-160.0,-0.002,0.83177860696517414
-160.0,-0.002,0.7274536787028677
-157.91666666666666,-0.0,0.49125714166887613
-157.91666666666666,-0.0,0.49239650802590818
-157.91666666666666,-0.0,0.41780751415337114
-157.91666666666666,-0.0,0.43268606093332096
-157.91666666666666,-0.0,0.55946828358208966
-157.91666666666666,-0.0,0.45295934122490988
-157.91666666666666,-0.0,0.44235717961914561
-157.91666666666666,-0.0,0.46437085406301826
-157.91666666666666,-0.0,0.27663407102418935
-157.91666666666666,-0.0,0.25831015600561208
-157.91666666666666,-0.0,0.24964795419896968
-157.91666666666666,-0.0005,0.54346371590324238
-157.91666666666666,-0.0005,0.47808161987266462
-157.91666666666666,-0.0005,0.57089904252323298
-157.91666666666666,-0.0005,0.58183221821924869
-157.91666666666666,-0.0005,0.47509846600331662
-157.91666666666666,-0.0005,0.47533167495854056
-157.91666666666666,-0.0005,0.44629699603249573
-157.91666666666666,-0.0005,0.43002550538447004
-157.91666666666666,-0.0005,0.35706409259644561
-157.91666666666666,-0.0005,0.30586721564590835
-157.91666666666666,-0.0005,0.26544004117344311
-157.91666666666666,-0.001,0.58293284847666693
-157.91666666666666,-0.001,0.64760845077320539
-157.91666666666666,-0.001,0.56519485903814271
-157.91666666666666,-0.001,0.5913643431733866
-157.91666666666666,-0.001,0.69081674958540629
-157.91666666666666,-0.001,0.76484763681592027
-157.91666666666666,-0.001,0.77578254560530691
-157.91666666666666,-0.001,0.71026762738033977
-157.91666666666666,-0.001,0.47912535225968061
-157.91666666666666,-0.001,0.6268086650082918
-157.91666666666666,-0.001,0.36733783910635498
-157.91666666666666,-0.0015,0.65361701948145101
-157.91666666666666,-0.0015,0.65353303413004926
-157.91666666666666,-0.0015,0.80483787956767894
-157.91666666666666,-0.0015,0.75178708036906183
-157.91666666666666,-0.0015,0.66522110193712303
-157.91666666666666,-0.0015,0.9134470054789342
-157.91666666666666,-0.0015,0.82309181938409237
-157.91666666666666,-0.0015,0.77825495165681047
-157.91666666666666,-0.0015,0.70611525704809286
-157.91666666666666,-0.0015,0.51821083262930623
-157.91666666666666,-0.0015,0.41700352404643448
-157.91666666666666,-0.002,0.77826567821202131
-157.91666666666666,-0.002,0.88924217240535586
-157.91666666666666,-0.002,0.87995367987647966
-157.91666666666666,-0.002,0.84999397728890391
-157.91666666666666,-0.002,0.94434297046237348
-157.91666666666666,-0.002,1.1307142781853445
-157.91666666666666,-0.002,0.93939103242652
-157.91666666666666,-0.002,0.94405576285240456
-157.91666666666666,-0.002,0.75658775090066899
-157.91666666666666,-0.002,0.6889861039629438
-157.91666666666666,-0.002,0.78919744637049527
-155.83333333333334,-0.0,0.38770019367034292
-155.83333333333334,-0.0,0.41518270715388572
-155.83333333333334,-0.0,0.36044776119402988
-155.83333333333334,-0.0,0.46778262446951219
-155.83333333333334,-0.0,0.39912583134995661
-155.83333333333334,-0.0,0.35026717035390431
-155.83333333333334,-0.0,0.45475864349140377
-155.83333333333334,-0.0,0.42670176105976859
-155.83333333333334,-0.0,0.32396873441649565
-155.83333333333334,-0.0,0.18903125880033789
-155.83333333333334,-0.0,0.18231757877280264
-155.83333333333334,-0.0005,0.54848679159319291
-155.83333333333334,-0.0005,0.53611604648451805
-155.83333333333334,-0.0005,0.46173443129181679
-155.83333333333334,-0.0005,0.57362326299536803
-155.83333333333334,-0.0005,0.47912335152818797
-155.83333333333334,-0.0005,0.65232607576808621
-155.83333333333334,-0.0005,0.57673700463201238
-155.83333333333334,-0.0005,0.49849807565943877
-155.83333333333334,-0.0005,0.45481034031295425
-155.83333333333334,-0.0005,0.3679000968762437
-155.83333333333334,-0.0005,0.21590324240864647
-155.83333333333334,-0.001,0.64359238291302101
-155.83333333333334,-0.001,0.63179079989715081
-155.83333333333334,-0.001,0.65018293092259838
-155.83333333333334,-0.001,0.55553268142048373
-155.83333333333334,-0.001,0.73422802313568769
-155.83333333333334,-0.001,0.56721600331674971
-155.83333333333334,-0.001,0.68058486597069312
-155.83333333333334,-0.001,0.68703540021034248
-155.83333333333334,-0.001,0.59460340034798698
-155.83333333333334,-0.001,0.4001029336078229
-155.83333333333334,-0.001,0.2986361296963459
-155.83333333333334,-0.0015,0.64378627694859047
-155.83333333333334,-0.0015,0.81302067953055523
-155.83333333333334,-0.0015,0.8509521358723624
-155.83333333333334,-0.0015,0.8140907294320554
-155.83333333333334,-0.0015,0.78088008234688644
-155.83333333333334,-0.0015,0.93829130211013878
-155.83333333333334,-0.0015,0.73398631840796025
-155.83333333333334,-0.0015,0.71096242923314468
-155.83333333333334,-0.0015,0.61433350488934635
-155.83333333333334,-0.0015,0.43510693049791399
-155.83333333333334,-0.0015,0.5618003731343284
-155.83333333333334,-0.002,0.75432670527591739
-155.83333333333334,-0.002,1.0033921302578022
-155.83333333333334,-0.002,0.96688432835820914
-155.83333333333334,-0.002,0.83841210613598682
-155.83333333333334,-0.002,0.82270716453195036
-155.83333333333334,-0.002,1.1262301506167791
-155.83333333333334,-0.002,1.1558457711442787
-155.83333333333334,-0.002,1.0867584040181606
-155.83333333333334,-0.002,0.92993366500829211
-155.83333333333334,-0.002,0.86482791471841081
-155.83333333333334,-0.002,0.70429104477611937
-153.75,-0.0,0.38546377958691391
-153.75,-0.0,0.39126542635319378
-153.75,-0.0,0.46502830674215123
-153.75,-0.0,0.47622233659289759
-153.75,-0.0,0.48003535940515996
-153.75,-0.0,0.40962037637897464
-153.75,-0.0,0.51080802882141008
-153.75,-0.0,0.39386279456308054
-153.75,-0.0,0.33768656716417911
-153.75,-0.0,0.36291704893821747
-153.75,-0.0,0.14794132784354092
-153.75,-0.0005,0.59752959341224909
-153.75,-0.0005,0.54840308944786553
-153.75,-0.0005,0.58247539101466184
-153.75,-0.0005,0.56016791044776126
-153.75,-0.0005,0.64040144107050945
-153.75,-0.0005,0.59590121748521385
-153.75,-0.0005,0.59958267135089161
-153.75,-0.0005,0.41250643335048892
-153.75,-0.0005,0.39932457963347812
-153.75,-0.0005,0.58742841186583616
-153.75,-0.0005,0.25686280300026154
-153.75,-0.001,0.63041688111168293
-153.75,-0.001,0.63222652559984882
-153.75,-0.001,0.70474404373156285
-153.75,-0.001,0.66940955651023915
-153.75,-0.001,0.55651898787577103
-153.75,-0.001,0.79451878538342757
-153.75,-0.001,0.63971850107386574
-153.75,-0.001,0.59505918682449821
-153.75,-0.001,0.51734253261991925
-153.75,-0.001,0.5491451258201745
-153.75,-0.001,0.35538430371984547
-153.75,-0.0015,0.71564590838908893
-153.75,-0.0015,0.82242091429644237
-153.75,-0.0015,0.78980957282552744
-153.75,-0.0015,0.81048480276214541
-153.75,-0.0015,0.69347581207987963
-153.75,-0.0015,0.88222820324606477
-153.75,-0.0015,0.90601679104477595
-153.75,-0.0015,0.73139051577555292
-153.75,-0.0015,0.75257334019557376
-153.75,-0.0015,0.57556556838449258
-153.75,-0.0015,0.4060111579782249
-153.75,-0.002,0.80395436610053173
-153.75,-0.002,0.99971606947531844
-153.75,-0.002,0.82143527644794911
-153.75,-0.002,0.91481272880878617
-153.75,-0.002,0.91350623929532648
-153.75,-0.002,0.87923314462171909
-153.75,-0.002,0.86381616507625802
-153.75,-0.002,1.0203361372898088
-153.75,-0.002,0.85234173957797221
-153.75,-0.002,0.6412464247445645
-153.75,-0.002,0.5988419969119918
-151.66666666666666,-0.0,0.3736747297992794
-151.66666666666666,-0.0,0.3713204809286898
-151.66666666666666,-0.0,0.38823983530622735
-151.66666666666666,-0.0,0.39469320066334979
-151.66666666666666,-0.0,0.5668039114770973
-151.66666666666666,-0.0,0.43520444226952659
-151.66666666666666,-0.0,0.4823543125695372
-151.66666666666666,-0.0,0.41083644278606962
-151.66666666666666,-0.0,0.40087493566649518
-151.66666666666666,-0.0,0.21037536613910066
-151.66666666666666,-0.0,0.23021101389603701
-151.66666666666666,-0.0005,0.54276891405043748
-151.66666666666666,-0.0005,0.46452831993876775
-151.66666666666666,-0.0005,0.57784292108306312
-151.66666666666666,-0.0005,0.54069594555955858
-151.66666666666666,-0.0005,0.66638505585281149
-151.66666666666666,-0.0005,0.56735553004209716
-151.66666666666666,-0.0005,0.58301595470921264
-151.66666666666666,-0.0005,0.49989706639217701
-151.66666666666666,-0.0005,0.40640547263681598
-151.66666666666666,-0.0005,0.25218733916623792
-151.66666666666666,-0.0005,0.24173021504499356
-151.66666666666666,-0.001,0.69000065702302849
-151.66666666666666,-0.001,0.57830674215131239
-151.66666666666666,-0.001,0.57486007462686561
-151.66666666666666,-0.001,0.53632155677309656
-151.66666666666666,-0.001,0.6508749356664949
-151.66666666666666,-0.001,0.62300566134843027
-151.66666666666666,-0.001,0.63795676788471423
-151.66666666666666,-0.001,0.60476067936181166
-151.66666666666666,-0.001,0.51260601042762188
-151.66666666666666,-0.001,0.5245753988677303
-151.66666666666666,-0.001,0.33554149542144357
-151.66666666666666,-0.0015,0.75349926094166864
-151.66666666666666,-0.0015,0.70465381426202311
-151.66666666666666,-0.0015,0.74427507850816821
-151.66666666666666,-0.0015,0.64361811631497678
-151.66666666666666,-0.0015,0.74191642667075497
-151.66666666666666,-0.0015,0.9576942871847659
-151.66666666666666,-0.0015,0.76550661236545914
-151.66666666666666,-0.0015,0.88592382913021117
-151.66666666666666,-0.0015,0.69786709568101524
-151.66666666666666,-0.0015,0.72538349917081257
-151.66666666666666,-0.0015,0.39593698175787739
-151.66666666666666,-0.002,0.79732339209748337
-151.66666666666666,-0.002,0.99052075439161702
-151.66666666666666,-0.002,0.89572814022287972
-151.66666666666666,-0.002,0.96487390633041681
-151.66666666666666,-0.002,0.88178559196769779
-151.66666666666666,-0.002,1.1065431615875827
-151.66666666666666,-0.002,0.9357471845913623
-151.66666666666666,-0.002,1.0635745324012849
-151.66666666666666,-0.002,0.76714008826009361
-151.66666666666666,-0.002,0.68125518242122718
-151.66666666666666,-0.002,0.61344556797739436
-149.58333333333334,-0.0,0.43592642846374197
-149.58333333333334,-0.0,0.41357794361525707
-149.58333333333334,-0.0,0.4621294675106829
-149.58333333333334,-0.0,0.47025218733916629
-149.58333333333334,-0.0,0.41029228855721389
-149.58333333333334,-0.0,0.37904228855721389
-149.58333333333334,-0.0,0.51757591353576948
-149.58333333333334,-0.0,0.46546479558728093
-149.58333333333334,-0.0,0.31595419640925804
-149.58333333333334,-0.0,0.1771235255280546
-149.58333333333334,-0.0,0.17580657319463291
-149.58333333333334,-0.0005,0.00049644050150549068
-149.58333333333334,-0.0005,0.0024616500829187649
-149.58333333333334,-0.0005,0.0
-149.58333333333334,-0.0005,0.0017053679343395634
-149.58333333333334,-0.0005,-0.0013945424393185246
-149.58333333333334,-0.0005,0.001286670097786824
-149.58333333333334,-0.0005,-0.00075145107794377664
-149.58333333333334,-0.0005,-0.0021417783890046449
-149.58333333333334,-0.0005,0.50294400515707782
-149.58333333333334,-0.0005,0.31007683629917293
-149.58333333333334,-0.0005,0.32558561359867327
-149.58333333333334,-0.001,0.71114256304683465
-149.58333333333334,-0.001,0.59362429871917
-149.58333333333334,-0.001,0.57204892838097743
-149.58333333333334,-0.001,0.60703475628848769
-149.58333333333334,-0.001,0.66233934494195701
-149.58333333333334,-0.001,0.62263855547437641
-149.58333333333334,-0.001,0.6284981343283581
-149.58333333333334,-0.001,0.56992696093998108
-149.58333333333334,-0.001,0.45496475953565507
-149.58333333333334,-0.001,0.56170608093372998
-149.58333333333334,-0.001,0.40919540229885054
-149.58333333333334,-0.0015,0.87189606047775303
-149.58333333333334,-0.0015,0.8726907420937271
-149.58333333333334,-0.0015,0.80681198583557545
-149.58333333333334,-0.0015,0.68026248069994844
-149.58333333333334,-0.0015,0.69885711303621756
-149.58333333333334,-0.0015,0.82037295343910666
-149.58333333333334,-0.0015,0.82198186283771002
-149.58333333333334,-0.0015,0.77678165863384407
-149.58333333333334,-0.0015,0.68641986774277952
-149.58333333333334,-0.0015,0.82101272840201134
-149.58333333333334,-0.0015,0.57600212645364601
-149.58333333333334,-0.002,1.0043405077495506
-149.58333333333334,-0.002,0.95756351087974489
-149.58333333333334,-0.002,0.85009472081996496
-149.58333333333334,-0.002,0.56751801338136909
-149.58333333333334,-0.002,1.0559701492537314
-149.58333333333334,-0.002,0.95802238805970141
-149.58333333333334,-0.002,0.86147388059701502
-149.58333333333334,-0.002,0.88805970149253721
-149.58333333333334,-0.002,0.79244402985074625
-149.58333333333334,-0.002,0.66837686567164178
-149.58333333333334,-0.002,0.48087686567164178
-147.5,-0.0,0.3988805970149254
-147.5,-0.0,0.3950559701492537
-147.5,-0.0,0.31529850746268651
-147.5,-0.0,0.36940298507462688
-147.5,-0.0,0.51912313432835822
-147.5,-0.0,0.58540630182421238
-147.5,-0.0,0.487292703150912
-147.5,-0.0,0.47846211978084274
-147.5,-0.0,0.39064199243661751
-147.5,-0.0,0.25790319237147602
-147.5,-0.0,0.17874420998455987
-147.5,-0.0005,0.55946497565364661
-147.5,-0.0005,0.58345342254245991
-147.5,-0.0005,0.5577177404118645
-147.5,-0.0005,0.5543232115285639
-147.5,-0.0005,0.54366958311888813
-147.5,-0.0005,0.53029125207296857
-147.5,-0.0005,0.61727753636878879
-147.5,-0.0005,0.57164648455834044
-147.5,-0.0005,0.44815577285983876
-147.5,-0.0005,0.38252285341657832
-147.5,-0.0005,0.2957282552753473
-147.5,-0.001,0.7263673096267298
-147.5,-0.001,0.63371603520857256
-147.5,-0.001,0.67531383561950376
-147.5,-0.001,0.65161065784700012
-147.5,-0.001,0.71504456882255374
-147.5,-0.001,0.7121702806721113
-147.5,-0.001,0.72369766609232689
-147.5,-0.001,0.70560173814471949
-147.5,-0.001,0.59765826042202774
-147.5,-0.001,0.44732372619660321
-147.5,-0.001,0.39062500000000011
-147.5,-0.0015,0.80251475564218522
-147.5,-0.0015,0.81935151827071517
-147.5,-0.0015,0.78416877874777069
-147.5,-0.0015,0.66382862145384647
-147.5,-0.0015,0.65976933514246949
-147.5,-0.0015,0.9047606793618117
-147.5,-0.0015,0.90785655058043102
-147.5,-0.0015,0.65077200205867203
-147.5,-0.0015,0.52888546993572128
-147.5,-0.0015,0.51499792703150915
-147.5,-0.0015,0.43099606135986734
-147.5,-0.002,0.86786628451943204
-147.5,-0.002,0.99929151709805408
-147.5,-0.002,0.81141687396351581
-147.5,-0.002,0.74909307628524036
-147.5,-0.002,0.78507462686567164
-147.5,-0.002,0.97784142355986581
-147.5,-0.002,0.85257583052479546
-147.5,-0.002,1.0052933376480893
-147.5,-0.002,0.71653639973923811
-147.5,-0.002,0.65105416971088603
-147.5,-0.002,0.53315665515535737
-145.41666666666666,-0.0,0.43793857254999818
-145.41666666666666,-0.0,0.43188516018632944
-145.41666666666666,-0.0,0.42939150401836967
-145.41666666666666,-0.0,0.46984045290787446
-145.41666666666666,-0.0,0.48851894374282423
-145.41666666666666,-0.0,0.50562292703150902
-145.41666666666666,-0.0,0.36572346600331684
-145.41666666666666,-0.0,0.38989382796164107
-145.41666666666666,-0.0,0.38730825041459382
-145.41666666666666,-0.0,0.42589500052186602
-145.41666666666666,-0.0,0.17324834162520739
-145.41666666666666,-0.0005,0.54678135145866902
-145.41666666666666,-0.0005,0.59688345101973539
-145.41666666666666,-0.0005,0.53228648424543934
-145.41666666666666,-0.0005,0.430535478529392
-145.41666666666666,-0.0005,0.55726667469694813
-145.41666666666666,-0.0005,0.56987788331071898
-145.41666666666666,-0.0005,0.54352020923750044
-145.41666666666666,-0.0005,0.49114770972722599
-145.41666666666666,-0.0005,0.47400114463912313
-145.41666666666666,-0.0005,0.32256549420728536
-145.41666666666666,-0.0005,0.32046454788992096
-145.41666666666666,-0.001,0.71996032495749118
-145.41666666666666,-0.001,0.66075051868642098
-145.41666666666666,-0.001,0.5696465588723052
-145.41666666666666,-0.001,0.52066392177045806
-145.41666666666666,-0.001,0.54482335159644801
-145.41666666666666,-0.001,0.76547333263751183
-145.41666666666666,-0.001,0.63251262561591493
-145.41666666666666,-0.001,0.57324088814606966
-145.41666666666666,-0.001,0.56044776119402973
-145.41666666666666,-0.001,0.5447087130178867
-145.41666666666666,-0.001,0.382214800125248
-145.41666666666666,-0.0015,0.92073866337104282
-145.41666666666666,-0.0015,0.89138015406292448
-145.41666666666666,-0.0015,0.69488398068352286
-145.41666666666666,-0.0015,0.77637673700463172
-145.41666666666666,-0.0015,0.69300430918394818
-145.41666666666666,-0.0015,0.68991250643335056
-145.41666666666666,-0.0015,0.89063304168811097
-145.41666666666666,-0.0015,0.85002072968490894
-145.41666666666666,-0.0015,0.72542460113226959
-145.41666666666666,-0.0015,0.47562170804086673
-145.41666666666666,-0.0015,0.53604429095656481
-145.41666666666666,-0.002,0.89934760161456873
-145.41666666666666,-0.002,1.0097014925373136
-145.41666666666666,-0.002,0.80838908903757067
-145.41666666666666,-0.002,0.85403007451498136
-145.41666666666666,-0.002,0.93749356664951122
-145.41666666666666,-0.002,0.9615542974781266
-145.41666666666666,-0.002,1.1366266493618862
-145.41666666666666,-0.002,0.88680369246942092
-145.41666666666666,-0.002,0.75724863428615063
-145.41666666666666,-0.002,0.66379042288557222
-145.41666666666666,-0.002,0.69391177026261097
-143.33333333333334,-0.0,0.41706722396377571
-143.33333333333334,-0.0,0.44238904456991257
-143.33333333333334,-0.0,0.44950943421191913
-143.33333333333334,-0.0,0.47205682580007768
-143.33333333333334,-0.0,0.42692786069651745
-143.33333333333334,-0.0,0.42166752444673172
-143.33333333333334,-0.0,0.40643121969768997
-143.33333333333334,-0.0,0.37848687596500247
-143.33333333333334,-0.0,0.34760053897180754
-143.33333333333334,-0.0,0.35502176616915415
-143.33333333333334,-0.0,0.22418939783839428
-143.33333333333334,-0.0005,0.60905815748841985
-143.33333333333334,-0.0005,0.56118770083520797
-143.33333333333334,-0.0005,0.50221222885009664
-143.33333333333334,-0.0005,0.44931592039800983
-143.33333333333334,-0.0005,0.67748327328872859
-143.33333333333334,-0.0005,0.64243223537484984
-143.33333333333334,-0.0005,0.57702007205352568
-143.33333333333334,-0.0005,0.55088195386702865
-143.33333333333334,-0.0005,0.47332653056692431
-143.33333333333334,-0.0005,0.32330534825870633
-143.33333333333334,-0.0005,0.26358261629013391
-143.33333333333334,-0.001,0.72468168900624308
-143.33333333333334,-0.001,0.68648996397323714
-143.33333333333334,-0.001,0.64403376669874013
-143.33333333333334,-0.001,0.63714560630132677
-143.33333333333334,-0.001,0.55981099637542298
-143.33333333333334,-0.001,0.79277749185108926
-143.33333333333334,-0.001,0.78557732172470973
-143.33333333333334,-0.001,0.63028877352368595
-143.33333333333334,-0.001,0.43888317035512092
-143.33333333333334,-0.001,0.52808872305140975
-143.33333333333334,-0.001,0.32667732504024266
-143.33333333333334,-0.0015,0.77312819822246159
-143.33333333333334,-0.0015,0.80970149253731338
-143.33333333333334,-0.0015,0.69034962175424264
-143.33333333333334,-0.0015,0.76394699040011194
-143.33333333333334,-0.0015,0.71224417165821663
-143.33333333333334,-0.0015,0.81057474076761471
-143.33333333333334,-0.0015,0.83248984960256212
-143.33333333333334,-0.0015,0.80259081948746835
-143.33333333333334,-0.0015,0.53327701117056237
-143.33333333333334,-0.0015,0.48287728026533994
-143.33333333333334,-0.0015,0.41328943578434857
-143.33333333333334,-0.002,0.89624295780608254
-143.33333333333334,-0.002,1.0125414593698177
-143.33333333333334,-0.002,0.81676523045151628
-143.33333333333334,-0.002,0.75310607636797688
-143.33333333333334,-0.002,0.78044261451363861
-143.33333333333334,-0.002,0.93768180953157709
-143.33333333333334,-0.002,0.9520072053525479
-143.33333333333334,-0.002,0.90580315207180884
-143.33333333333334,-0.002,0.69566328898188534
-143.33333333333334,-0.002,0.8106536284096757
-143.33333333333334,-0.002,0.51345385747319749
-141.25,-0.0,0.40663397030001502
-141.25,-0.0,0.38813909177516659
-141.25,-0.0,0.41495977559013431
-141.25,-0.0,0.4566392177045806
-141.25,-0.0,0.5922606793618117
-141.25,-0.0,0.47539783444264461
-141.25,-0.0,0.44362022561021913
-141.25,-0.0,0.43724964721705417
-141.25,-0.0,0.29638266998341634
-141.25,-0.0,0.37907874420998461
-141.25,-0.0,0.24493051981471956
-141.25,-0.0005,0.6310943276392027
-141.25,-0.0005,0.52189572968490872
-141.25,-0.0005,0.4668900624314708
-141.25,-0.0005,0.44737519300051454
-141.25,-0.0005,0.53080288214101901
-141.25,-0.0005,0.52923314462171889
-141.25,-0.0005,0.47606793618116322
-141.25,-0.0005,0.46248069994853303
-141.25,-0.0005,0.38340195573854874
-141.25,-0.0005,0.40661348430262467
-141.25,-0.0005,0.289764038414485
-141.25,-0.001,0.76709204184165292
-141.25,-0.001,0.75612454966546583
-141.25,-0.001,0.60139407131011602
-141.25,-0.001,0.56125621890547261
-141.25,-0.001,0.60087493566649497
-141.25,-0.001,0.6990615521074014
-141.25,-0.001,0.5663956370629124
-141.25,-0.001,0.53512936729830973
-141.25,-0.001,0.61464230571281531
-141.25,-0.001,0.42335199004975133
-141.25,-0.001,0.30366397180762861
-141.25,-0.0015,0.90593441798917751
-141.25,-0.0015,0.88075141533710732
-141.25,-0.0015,0.69210650880483171
-141.25,-0.0015,0.7435666495110651
-141.25,-0.0015,0.80136387030365408
-141.25,-0.0015,0.755712815234174
-141.25,-0.0015,0.74555551049102309
-141.25,-0.0015,0.87581060216160567
-141.25,-0.0015,0.67382913021101387
-141.25,-0.0015,0.51248069994853318
-141.25,-0.0015,0.37318579516212042
-141.25,-0.002,0.99549665465774539
-141.25,-0.002,0.8576033901681801
-141.25,-0.002,0.98123543674034897
-141.25,-0.002,0.83955003352034141
-141.25,-0.002,0.81436099896691405
-141.25,-0.002,1.157256819351518
-141.25,-0.002,1.0143541625473593
-141.25,-0.002,0.97784514925373123
-141.25,-0.002,0.88796641791044784
-141.25,-0.002,0.84454451878538339
-141.25,-0.002,0.53023942786069655
-139.16666666666666,-0.0,0.46306204824931946
-139.16666666666666,-0.0,0.41476950689590025
-139.16666666666666,-0.0,0.42498713329902216
-139.16666666666666,-0.0,0.42553437922983994
-139.16666666666666,-0.0,0.53834276891405031
-139.16666666666666,-0.0,0.53347844112769494
-139.16666666666666,-0.0,0.3909675759135357
-139.16666666666666,-0.0,0.3775347400926401
-139.16666666666666,-0.0,0.29725466868555783
-139.16666666666666,-0.0,0.22380339680905803
-139.16666666666666,-0.0,0.16374163664436442
-139.16666666666666,-0.0005,0.61659973169764515
-139.16666666666666,-0.0005,0.58549720659000082
-139.16666666666666,-0.0005,0.57429372824148339
-139.16666666666666,-0.0005,0.52888042059207518
-139.16666666666666,-0.0005,0.57502431955493205
-139.16666666666666,-0.0005,0.67218598921728279
-139.16666666666666,-0.0005,0.66172561848292788
-139.16666666666666,-0.0005,0.57859436992253932
-139.16666666666666,-0.0005,0.46237043946932016
-139.16666666666666,-0.0005,0.25553268142048385
-139.16666666666666,-0.0005,0.27050952135872369
-139.16666666666666,-0.001,0.71597202665915693
-139.16666666666666,-0.001,0.65402155887230506
-139.16666666666666,-0.001,0.66256760291251493
-139.16666666666666,-0.001,0.63277363184079616
-139.16666666666666,-0.001,0.62538369473387778
-139.16666666666666,-0.001,0.68284596041531476
-139.16666666666666,-0.001,0.59872869796682615
-139.16666666666666,-0.001,0.54042717447246535
-139.16666666666666,-0.001,0.49702617232984003
-139.16666666666666,-0.001,0.68905472636815901
-139.16666666666666,-0.001,0.30259527686609344
-139.16666666666666,-0.0015,0.81097118573797677
-139.16666666666666,-0.0015,0.79931456107440946
-139.16666666666666,-0.0015,0.85415307343066094
-139.16666666666666,-0.0015,0.66899125064333509
-139.16666666666666,-0.0015,0.73071102819237144
-139.16666666666666,-0.0015,0.93129181677817829
-139.16666666666666,-0.0015,0.96475953565505801
-139.16666666666666,-0.0015,0.70185006734486055
-139.16666666666666,-0.0015,0.60994506633499168
-139.16666666666666,-0.0015,0.64554830016583742
-139.16666666666666,-0.0015,0.36955169803158117
-139.16666666666666,-0.002,0.86816712615267622
-139.16666666666666,-0.002,0.96211199437594663
-139.16666666666666,-0.002,0.99459174594623279
-139.16666666666666,-0.002,0.86576730291570636
-139.16666666666666,-0.002,0.81659411276948601
-139.16666666666666,-0.002,1.0168166019218972
-139.16666666666666,-0.002,1.020154288527378
-139.16666666666666,-0.002,0.97928575209061086
-139.16666666666666,-0.002,0.91498237976782781
-139.16666666666666,-0.002,0.65242304997998513
-139.16666666666666,-0.002,0.65206404685433605
-137.08333333333334,-0.0,0.44637169297308088
-137.08333333333334,-0.0,0.43479281912117734
-137.08333333333334,-0.0,0.38059701492537318
-137.08333333333334,-0.0,0.43044093624829383
-137.08333333333334,-0.0,0.50102349071102226
-137.08333333333334,-0.0,0.53927298276377678
-137.08333333333334,-0.0,0.41484817292846099
-137.08333333333334,-0.0,0.3791302110138961
-137.08333333333334,-0.0,0.37905021369912062
-137.08333333333334,-0.0,0.29513414934323889
-137.08333333333334,-0.0,0.17002058672156464
-137.08333333333334,-0.0005,0.5711301980662723
-137.08333333333334,-0.0005,0.51581879335715786
-137.08333333333334,-0.0005,0.55591868244981979
-137.08333333333334,-0.0005,0.51677931099220886
-137.08333333333334,-0.0005,0.55707668553782796
-137.08333333333334,-0.0005,0.50105113021847281
-137.08333333333334,-0.0005,0.57214864883234096
-137.08333333333334,-0.0005,0.43404529078744197
-137.08333333333334,-0.0005,0.39593698175787734
-137.08333333333334,-0.0005,0.52734465404809328
-137.08333333333334,-0.0005,0.25115049751243779
-137.08333333333334,-0.001,0.7415282080165212
-137.08333333333334,-0.001,0.68861761887284878
-137.08333333333334,-0.001,0.69309049159795422
-137.08333333333334,-0.001,0.67884714359238296
-137.08333333333334,-0.001,0.56277029265348544
-137.08333333333334,-0.001,0.66282282763682998
-137.08333333333334,-0.001,0.78595938745986371
-137.08333333333334,-0.001,0.54608191937848005
-137.08333333333334,-0.001,0.53085173198879942
-137.08333333333334,-0.001,0.37490747135870761
-137.08333333333334,-0.001,0.3944365503815257
-137.08333333333334,-0.0015,0.87407708796443295
-137.08333333333334,-0.0015,0.84979634187219921
-137.08333333333334,-0.0015,0.75295150962129842
-137.08333333333334,-0.0015,0.67668553782810081
-137.08333333333334,-0.0015,0.84325784868759646
-137.08333333333334,-0.0015,0.71167746174786417
-137.08333333333334,-0.0015,0.69107587064676612
-137.08333333333334,-0.0015,0.66609267304061193
-137.08333333333334,-0.0015,0.59279125207296857
-137.08333333333334,-0.0015,0.87814325113562619
-137.08333333333334,-0.0015,0.42283374792703143
-137.08333333333334,-0.002,1.0207925887802367
-137.08333333333334,-0.002,0.83013352335734636
-137.08333333333334,-0.002,0.79933665008291865
-137.08333333333334,-0.002,0.76897248657642803
-137.08333333333334,-0.002,0.94722605270747717
-137.08333333333334,-0.002,0.96358417701701271
-137.08333333333334,-0.002,0.92551981012151874
-137.08333333333334,-0.002,0.89415687519847564
-137.08333333333334,-0.002,0.78008234688625833
-137.08333333333334,-0.002,0.70792753035993905
-137.08333333333334,-0.002,0.57856196687562744
-135.0,-0.0,0.41419794964571094
-135.0,-0.0,0.44532545605306806
-135.0,-0.0,0.4576077943615256
-135.0,-0.0,0.46507048092868974
-135.0,-0.0,0.43952650540401428
-135.0,-0.0,0.53487099733715238
-135.0,-0.0,0.44730491563919528
-135.0,-0.0,0.37765153494579362
-135.0,-0.0,0.34597844112769494
-135.0,-0.0,0.18787956767884706
-135.0,-0.0,0.16890232382391845
-135.0,-0.0005,0.55484172055006398
-135.0,-0.0005,0.55547781923714767
-135.0,-0.0005,0.49264573120828881
-135.0,-0.0005,0.46864745421827048
-135.0,-0.0005,0.64492798866042877
-135.0,-0.0005,0.63676282605287593
-135.0,-0.0005,0.59597581711694692
-135.0,-0.0005,0.58141583747927017
-135.0,-0.0005,0.35416449222419383
-135.0,-0.0005,0.50642620232172475
-135.0,-0.0005,0.23942389961022914
-135.0,-0.001,0.73438365764720048
-135.0,-0.001,0.6796880633066551
-135.0,-0.001,0.69008926537465309
-135.0,-0.001,0.53909747475173597
-135.0,-0.001,0.64500772002058682
-135.0,-0.001,0.6540411151788228
-135.0,-0.001,0.80310530445567541
-135.0,-0.001,0.69722041964092585
-135.0,-0.001,0.45627438286708533
-135.0,-0.001,0.60412559842297953
-135.0,-0.001,0.3809583775911346
-135.0,-0.0015,0.7750128667009778
-135.0,-0.0015,0.84221263455284123
-135.0,-0.0015,0.78116118840218496
-135.0,-0.0015,0.67642656125097189
-135.0,-0.0015,0.82465259907359745
-135.0,-0.0015,0.85397508699671043
-135.0,-0.0015,0.79874585406301823
-135.0,-0.0015,0.89233900427930268
-135.0,-0.0015,0.74364413626270132
-135.0,-0.0015,0.63132797195587187
-135.0,-0.0015,0.46733568183925089
-135.0,-0.002,0.90727105485047255
-135.0,-0.002,1.0269428718476581
-135.0,-0.002,0.82439526505404026
-135.0,-0.002,0.92941327843540911
-135.0,-0.002,1.0012631267725933
-135.0,-0.002,0.98603675463263385
-135.0,-0.002,0.80853253906549427
-135.0,-0.002,0.81844917093691949
-135.0,-0.002,0.88153755164737668
-135.0,-0.002,0.71472388607220705
-135.0,-0.002,0.56656820066335001
-132.91666666666666,-0.0,0.48488279605109247
-132.91666666666666,-0.0,0.4180922311519325
-132.91666666666666,-0.0,0.38519665821834215
-132.91666666666666,-0.0,0.47162624378109463
-132.91666666666666,-0.0,0.40992025108256919
-132.91666666666666,-0.0,0.38297039393197951
-132.91666666666666,-0.0,0.49840452907874433
-132.91666666666666,-0.0,0.43176844413614091
-132.91666666666666,-0.0,0.47277406073082845
-132.91666666666666,-0.0,0.30855234696084777
-132.91666666666666,-0.0,0.23657752902155893
-132.91666666666666,-0.0005,0.63632359038142616
-132.91666666666666,-0.0005,0.54724652599073598
-132.91666666666666,-0.0005,0.48854782690321963
-132.91666666666666,-0.0005,0.5553056634635043
-132.91666666666666,-0.0005,0.48258706467661677
-132.91666666666666,-0.0005,0.51763825798543528
-132.91666666666666,-0.0005,0.47328461857379756
-132.91666666666666,-0.0005,0.50712695580070655
-132.91666666666666,-0.0005,0.4101376654976483
-132.91666666666666,-0.0005,0.506241718772243
-132.91666666666666,-0.0005,0.31558458623974761
-132.91666666666666,-0.001,0.76055069480185278
-132.91666666666666,-0.001,0.64982881693481609
-132.91666666666666,-0.001,0.58434905681487603
-132.91666666666666,-0.001,0.68185795162120444
-132.91666666666666,-0.001,0.66487390633041699
-132.91666666666666,-0.001,0.63526891252955076
-132.91666666666666,-0.001,0.66202839966832505
-132.91666666666666,-0.001,0.59220277920741116
-132.91666666666666,-0.001,0.48507547058376854
-132.91666666666666,-0.001,0.52065105506948006
-132.91666666666666,-0.001,0.35285640761708681
-132.91666666666666,-0.0015,0.89322061738263903
-132.91666666666666,-0.0015,0.87735460627895034
-132.91666666666666,-0.0015,0.67271109602391554
-132.91666666666666,-0.0015,0.6697894176914172
-132.91666666666666,-0.0015,0.83085434894493038
-132.91666666666666,-0.0015,0.76220460199004958
-132.91666666666666,-0.0015,0.94073386600069198
-132.91666666666666,-0.0015,0.78305612892981902
-132.91666666666666,-0.0015,0.66428203808543473
-132.91666666666666,-0.0015,0.79925891376451075
-132.91666666666666,-0.0015,0.41870634975028576
-132.91666666666666,-0.002,0.99643806827929304
-132.91666666666666,-0.002,0.88766544127541169
-132.91666666666666,-0.002,0.89847149929888415
-132.91666666666666,-0.002,0.76284096757591358
-132.91666666666666,-0.002,0.95543117744610284
-132.91666666666666,-0.002,1.183509535655058
-132.91666666666666,-0.002,0.92004531538113654
-132.91666666666666,-0.002,0.8412804856834708
-132.91666666666666,-0.002,0.84856965174129351
-132.91666666666666,-0.002,0.67318579516212051
-132.91666666666666,-0.002,0.75270200720535252
-130.83333333333334,-0.0,0.41928378938640143
-130.83333333333334,-0.0,0.48241296669238926
-130.83333333333334,-0.0,0.45232623116302534
-130.83333333333334,-0.0,0.48093657617708541
-130.83333333333334,-0.0,0.43612132996986896
-130.83333333333334,-0.0,0.53582611418432313
-130.83333333333334,-0.0,0.48961403175206775
-130.83333333333334,-0.0,0.38412106135986723
-130.83333333333334,-0.0,0.41221651482845523
-130.83333333333334,-0.0,0.4252694859038143
-130.83333333333334,-0.0,0.18799618926643383
-130.83333333333334,-0.0005,0.58940012036233058
-130.83333333333334,-0.0005,0.57964739535698295
-130.83333333333334,-0.0005,0.53464561251712439
-130.83333333333334,-0.0005,0.44751959626328791
-130.83333333333334,-0.0005,0.65510986733001642
-130.83333333333334,-0.0005,0.55633545558918684
-130.83333333333334,-0.0005,0.66644572170204885
-130.83333333333334,-0.0005,0.48099925902402885
-130.83333333333334,-0.0005,0.45600788484269938
-130.83333333333334,-0.0005,0.39405779075636316
-130.83333333333334,-0.0005,0.30477819237147591
-130.83333333333334,-0.001,0.77127383913764502
-130.83333333333334,-0.001,0.70121937779457144
-130.83333333333334,-0.001,0.65097575502767846
-130.83333333333334,-0.001,0.68244713930348255
-130.83333333333334,-0.001,0.67754975124378114
-130.83333333333334,-0.001,0.75605493706331739
-130.83333333333334,-0.001,0.69667288557213936
-130.83333333333334,-0.001,0.77102468427095316
-130.83333333333334,-0.001,0.51752296211251425
-130.83333333333334,-0.001,0.49974087893864022
-130.83333333333334,-0.001,0.29207089552238802
-130.83333333333334,-0.0015,0.90748675974963888
-130.83333333333334,-0.0015,0.84679291111115051
-130.83333333333334,-0.0015,0.72082815091210617
-130.83333333333334,-0.0015,0.74550034966430467
-130.83333333333334,-0.0015,0.83289282752902172
-130.83333333333334,-0.0015,0.96122345359391304
-130.83333333333334,-0.0015,0.87890735004224174
-130.83333333333334,-0.0015,0.71958161730610959
-130.83333333333334,-0.0015,0.57680565702953746
-130.83333333333334,-0.0015,0.86362458540630183
-130.83333333333334,-0.0015,0.52617158960442545
-130.83333333333334,-0.002,0.92290194770178502
-130.83333333333334,-0.002,1.031564349523733
-130.83333333333334,-0.002,0.98753529051528033
-130.83333333333334,-0.002,0.89711666816364311
-130.83333333333334,-0.002,0.88285069259635318
-130.83333333333334,-0.002,0.95001554726368143
-130.83333333333334,-0.002,1.1222232465012731
-130.83333333333334,-0.002,0.8498433633969189
-130.83333333333334,-0.002,0.88348579682233996
-130.83333333333334,-0.002,0.7560232056500712
-130.83333333333334,-0.002,0.56102716046423839
-128.75,-0.0,0.4391025641025641
-128.75,-0.0,0.45569356017117202
-128.75,-0.0,0.3839102980082863
-128.75,-0.0,0.48433872305140968
-128.75,-0.0,0.54409943290540308
-128.75,-0.0,0.43766335892998776
-128.75,-0.0,0.45013568521031211
-128.75,-0.0,0.43468892524517633
-128.75,-0.0,0.40621828150218808
-128.75,-0.0,0.22491708126036489
-128.75,-0.0,0.23183905646592207
-128.75,-0.0005,0.5774075482460308
-128.75,-0.0005,0.64055522121574837
-128.75,-0.0005,0.56307168808408781
-128.75,-0.0005,0.512177203713164
-128.75,-0.0005,0.6775193090491598
-128.75,-0.0005,0.52580184185455703
-128.75,-0.0005,0.61910769891549444
-128.75,-0.0005,0.51368159203980102
-128.75,-0.0005,0.38656190876602908
-128.75,-0.0005,0.342337607735968
-128.75,-0.0005,0.33622956645344704
-128.75,-0.001,0.76794920325906713
-128.75,-0.001,0.71712242980899688
-128.75,-0.001,0.70862035973976267
-128.75,-0.001,0.65131510280764005
-128.75,-0.001,0.57974543195977002
-128.75,-0.001,0.70670483391952321
-128.75,-0.001,0.73036541430777158
-128.75,-0.001,0.57833459285849209
-128.75,-0.001,0.51605764282038091
-128.75,-0.001,0.4753216675244466
-128.75,-0.001,0.32516661973153088
-128.75,-0.0015,0.82819745611564799
-128.75,-0.0015,0.83575283957570645
-128.75,-0.0015,0.82470406587750889
-128.75,-0.0015,0.63332296849087877
-128.75,-0.0015,0.76469377251672666
-128.75,-0.0015,0.89668325041459374
-128.75,-0.0015,0.99595771144278622
-128.75,-0.0015,0.90192267827529049
-128.75,-0.0015,0.63985824252053081
-128.75,-0.0015,0.46677817807514166
-128.75,-0.0015,0.38903757076685547
-128.75,-0.002,0.87822574521400898
-128.75,-0.002,0.96237987563595251
-128.75,-0.002,0.87313432835820914
-128.75,-0.002,0.83185795162120446
-128.75,-0.002,0.99997426659804434
-128.75,-0.002,1.0948559091335777
-128.75,-0.002,0.96144278606965172
-128.75,-0.002,1.0997941327843541
-128.75,-0.002,0.91592669563574525
-128.75,-0.002,0.9013946385016447
-128.75,-0.002,0.54152648642035728
-126.66666666666666,-0.0,0.46023526403273246
-126.66666666666666,-0.0,0.44925373134328345
-126.66666666666666,-0.0,0.4530299712004906
-126.66666666666666,-0.0,0.38854863612969626
-126.66666666666666,-0.0,0.40548614228928714
-126.66666666666666,-0.0,0.38831703551209473
-126.66666666666666,-0.0,0.46801370505960771
-126.66666666666666,-0.0,0.43835509950248741
-126.66666666666666,-0.0,0.40943384344102274
-126.66666666666666,-0.0,0.27039331643668457
-126.66666666666666,-0.0,0.21045812603648428
-126.66666666666666,-0.0005,0.58710756562017485
-126.66666666666666,-0.0005,0.57611940298507458
-126.66666666666666,-0.0005,0.54861039629439001
-126.66666666666666,-0.0005,0.45681935151827063
-126.66666666666666,-0.0005,0.65018050262870053
-126.66666666666666,-0.0005,0.70163697640828104
-126.66666666666666,-0.0005,0.65969701716306028
-126.66666666666666,-0.0005,0.52014925373134313
-126.66666666666666,-0.0005,0.40477757155239302
-126.66666666666666,-0.0005,0.47231391261111155
-126.66666666666666,-0.0005,0.22557900154400418
-126.66666666666666,-0.001,0.67377023334034047
-126.66666666666666,-0.001,0.77550603148640351
-126.66666666666666,-0.001,0.68036877083846137
-126.66666666666666,-0.001,0.58374737571010193
-126.66666666666666,-0.001,0.60612454966546592
-126.66666666666666,-0.001,0.61268733901414918
-126.66666666666666,-0.001,0.73516559489785105
-126.66666666666666,-0.001,0.64155944415851784
-126.66666666666666,-0.001,0.62378213101160851
-126.66666666666666,-0.001,0.68221393034825861
-126.66666666666666,-0.001,0.42872899652679997
-126.66666666666666,-0.0015,0.82785830598280485
-126.66666666666666,-0.0015,0.75621314006564111
-126.66666666666666,-0.0015,0.77695163215470697
-126.66666666666666,-0.0015,0.78739004254091849
-126.66666666666666,-0.0015,0.79070982003493007
-126.66666666666666,-0.0015,0.81681248927774908
-126.66666666666666,-0.0015,0.76941156287527868
-126.66666666666666,-0.0015,0.88973701306919328
-126.66666666666666,-0.0015,0.65316520844055592
-126.66666666666666,-0.0015,0.45203172964962413
-126.66666666666666,-0.0015,0.52192485846628922
-126.66666666666666,-0.002,0.8356135986733001
-126.66666666666666,-0.002,1.0201701283790836
-126.66666666666666,-0.002,0.81778606965174139
-126.66666666666666,-0.002,0.81907004519753701
-126.66666666666666,-0.002,0.872740372804784
-126.66666666666666,-0.002,1.0651171227197347
-126.66666666666666,-0.002,0.87225404490993452
-126.66666666666666,-0.002,0.92673700463201225
-126.66666666666666,-0.002,0.79464745239320633
-126.66666666666666,-0.002,0.97383815566886578
-126.66666666666666,-0.002,0.67854222040482526
-124.58333333333333,-0.0,0.40862900752247133
-124.58333333333333,-0.0,0.45101619561765627
-124.58333333333333,-0.0,0.46045940040235978
-124.58333333333333,-0.0,0.48393449419568813
-124.58333333333333,-0.0,0.41199456242028243
-124.58333333333333,-0.0,0.45007720020586711
-124.58333333333333,-0.0,0.45732794361525697
-124.58333333333333,-0.0,0.51981471950591862
-124.58333333333333,-0.0,0.45517241379310347
-124.58333333333333,-0.0,0.3881892620232173
-124.58333333333333,-0.0,0.25654745142213464
-124.58333333333333,-0.0005,0.62918167781780743
-124.58333333333333,-0.0005,0.62210499227997929
-124.58333333333333,-0.0005,0.50563561502830678
-124.58333333333333,-0.0005,0.53926917138445685
-124.58333333333333,-0.0005,0.53101679104477606
-124.58333333333333,-0.0005,0.71641791044776104
-124.58333333333333,-0.0005,0.56998254604041265
-124.58333333333333,-0.0005,0.54691645936981748
-124.58333333333333,-0.0005,0.40440041173443125
-124.58333333333333,-0.0005,0.43002717391304346
-124.58333333333333,-0.0005,0.2446638052904874
-124.58333333333333,-0.001,0.73793497714028078
-124.58333333333333,-0.001,0.74682517516983027
-124.58333333333333,-0.001,0.67988294343883404
-124.58333333333333,-0.001,0.61500068363854465
-124.58333333333333,-0.001,0.57952988679789463
-124.58333333333333,-0.001,0.69176594720290119
-124.58333333333333,-0.001,0.6184374774677337
-124.58333333333333,-0.001,0.64215131240349987
-124.58333333333333,-0.001,0.52982501286670103
-124.58333333333333,-0.001,0.4052912520729684
-124.58333333333333,-0.001,0.31235943569822128
-124.58333333333333,-0.0015,0.88497169325784886
-124.58333333333333,-0.0015,0.78618340083689486
-124.58333333333333,-0.0015,0.82857326617652372
-124.58333333333333,-0.0015,0.67311878109452727
-124.58333333333333,-0.0015,0.6929415422885572
-124.58333333333333,-0.0015,0.7228959369817578
-124.58333333333333,-0.0015,0.969084206483664
-124.58333333333333,-0.0015,0.87461278513094887
-124.58333333333333,-0.0015,0.75222844112769471
-124.58333333333333,-0.0015,0.69532503126444278
-124.58333333333333,-0.0015,0.56263510036026754
-124.58333333333333,-0.002,0.91583151739468471
-124.58333333333333,-0.002,0.86276948590381419
-124.58333333333333,-0.002,0.84978975263082979
-124.58333333333333,-0.002,0.95369000109683355
-124.58333333333333,-0.002,1.0205867215645907
-124.58333333333333,-0.002,0.87677180137050603
-124.58333333333333,-0.002,1.0270168146608727
-124.58333333333333,-0.002,1.0406669185716981
-124.58333333333333,-0.002,0.94391251290716216
-124.58333333333333,-0.002,0.71870325174294536
-124.58333333333333,-0.002,0.59470933564827999
-122.5,-0.0,0.42103588639872747
-122.5,-0.0,0.41422200812875509
-122.5,-0.0,0.4128173406019548
-122.5,-0.0,-0.0025812717235740301
-122.5,-0.0,-0.0024189397838396132
-122.5,-0.0,-0.0015266620421133248
-122.5,-0.0,0.0
-122.5,-0.0,0.0037575267353182062
-122.5,-0.0,0.34258726315232352
-122.5,-0.0,0.21520844055584151
-122.5,-0.0,0.19927946474523928
-122.5,-0.0005,0.58525476067936166
-122.5,-0.0005,0.58783542394410926
-122.5,-0.0005,0.51745538707173355
-122.5,-0.0005,0.060790345337680241
-122.5,-0.0005,0.8568097014925371
-122.5,-0.0005,0.82760675787728033
-122.5,-0.0005,0.77305712815234184
-122.5,-0.0005,0.7935241334556602
-122.5,-0.0005,0.52938754503345353
-122.5,-0.0005,0.54127911433295739
-122.5,-0.0005,0.4611168296448791
-122.5,-0.001,0.77920741121976322
-122.5,-0.001,0.79806342462303292
-122.5,-0.001,0.76106314063665781
-122.5,-0.001,0.61190950279692546
-122.5,-0.001,0.74845599588265554
-122.5,-0.001,0.89070856362863338
-122.5,-0.001,0.5791173785328676
-122.5,-0.001,0.78936048922056379
-122.5,-0.001,0.64020764969478861
-122.5,-0.001,0.59116906297565719
-122.5,-0.001,0.56142730873369284
-122.5,-0.0015,0.86765311374163656
-122.5,-0.0015,0.85097841679350861
-122.5,-0.0015,0.80171137890736599
-122.5,-0.0015,0.76232629953679854
-122.5,-0.0015,0.93695316520844041
-122.5,-0.0015,1.045265054040144
-122.5,-0.0015,1.0626865671641792
-122.5,-0.0015,0.98468594527363162
-122.5,-0.0015,0.86647458907991692
-122.5,-0.0015,0.62449229263518469
-122.5,-0.0015,0.57295442615226277
-122.5,-0.002,1.1831080446822493
-122.5,-0.002,1.1566137667806786
-122.5,-0.002,2.1830323617760254
-122.5,-0.002,1.4418002830052634
-122.5,-0.002,0.82271766625420217
-122.5,-0.002,1.2915594441585176
-122.5,-0.002,1.2757112211906754
-122.5,-0.002,1.1835398479301604
-122.5,-0.002,1.0177817807514153
-122.5,-0.002,0.95569582075959014
-122.5,-0.002,0.89909933093154915
-120.41666666666666,-0.0,0.57714033996683245
-120.41666666666666,-0.0,0.55258779242087419
-120.41666666666666,-0.0,0.5075145107794361
-120.41666666666666,-0.0,0.46388837178743109
-120.41666666666666,-0.0,0.60434894493051972
-120.41666666666666,-0.0,0.49796706124549672
-120.41666666666666,-0.0,0.48919197117858976
-120.41666666666666,-0.0,0.45201077943615264
-120.41666666666666,-0.0,0.4139600968013929
-120.41666666666666,-0.0,0.5251539505270848
-120.41666666666666,-0.0,0.25240884186661633
-120.41666666666666,-0.0005,0.51766209099025151
-120.41666666666666,-0.0005,0.58340195573854869
-120.41666666666666,-0.0005,0.50174227787011794
-120.41666666666666,-0.0005,0.50884424457606747
-120.41666666666666,-0.0005,0.63273541844199011
-120.41666666666666,-0.0005,0.63305308898545254
-120.41666666666666,-0.0005,0.58773839137645112
-120.41666666666666,-0.0005,0.56466803911477104
-120.41666666666666,-0.0005,0.39103656333154468
-120.41666666666666,-0.0005,0.38241860229660063
-120.41666666666666,-0.0005,0.34566298940082207
-120.41666666666666,-0.001,0.77845149253731349
-120.41666666666666,-0.001,0.66232629953679867
-120.41666666666666,-0.001,0.659747475173595
-120.41666666666666,-0.001,0.70120750414593691
-120.41666666666666,-0.001,0.70343488039255786
-120.41666666666666,-0.001,0.67680562703722758
-120.41666666666666,-0.001,0.6721778123323221
-120.41666666666666,-0.001,0.6303099885189436
-120.41666666666666,-0.001,0.63139475038600112
-120.41666666666666,-0.001,0.5723739791607998
-120.41666666666666,-0.001,0.51958955223880587
-120.41666666666666,-0.0015,0.86186309830159558
-120.41666666666666,-0.0015,0.83980146399700917
-120.41666666666666,-0.0015,0.78166373546281342
-120.41666666666666,-0.0015,0.7040705179585397
-120.41666666666666,-0.0015,0.86121475953565507
-120.41666666666666,-0.0015,0.74278121738268599
-120.41666666666666,-0.0015,0.7379626739113927
-120.41666666666666,-0.0015,0.70875159435207746
-120.41666666666666,-0.0015,0.70934122490993301
-120.41666666666666,-0.0015,0.60311647923259715
-120.41666666666666,-0.0015,0.50026083624562012
-120.41666666666666,-0.002,0.90316149747715313
-120.41666666666666,-0.002,0.86965265382551638
-120.41666666666666,-0.002,0.87138656632046096
-120.41666666666666,-0.002,0.85702307428375346
-120.41666666666666,-0.002,0.99804721446470301
-120.41666666666666,-0.002,1.0853334747718142
-120.41666666666666,-0.002,1.119664416769655
-120.41666666666666,-0.002,1.0437816892314387
-120.41666666666666,-0.002,0.93822553897180772
-120.41666666666666,-0.002,0.80516559959764034
-120.41666666666666,-0.002,0.59152762340778375
-118.33333333333333,-0.0,0.36383626554607096
-118.33333333333333,-0.0,0.38660862354892195
-118.33333333333333,-0.0,0.4354529436152571
-118.33333333333333,-0.0,0.37084911789272973
-118.33333333333333,-0.0,0.54794132784354099
-118.33333333333333,-0.0,0.55153917910447747
-118.33333333333333,-0.0,0.52027597859757813
-118.33333333333333,-0.0,0.45572176598268022
-118.33333333333333,-0.0,0.48898610396294401
-118.33333333333333,-0.0,0.39457080731096295
-118.33333333333333,-0.0,0.28978603816361237
-118.33333333333333,-0.0005,0.54253060037145595
-118.33333333333333,-0.0005,0.46481135986732997
-118.33333333333333,-0.0005,0.50333239463062063
-118.33333333333333,-0.0005,0.5378566030606462
-118.33333333333333,-0.0005,0.6229236195577712
-118.33333333333333,-0.0005,0.56902985074626844
-118.33333333333333,-0.0005,0.5563588308457712
-118.33333333333333,-0.0005,0.47373933706376392
-118.33333333333333,-0.0005,0.41206107145432247
-118.33333333333333,-0.0005,0.57361866459992861
-118.33333333333333,-0.0005,0.27961458530134131
-118.33333333333333,-0.001,0.66747297992794641
-118.33333333333333,-0.001,0.64897212052942854
-118.33333333333333,-0.001,0.58631322553897192
-118.33333333333333,-0.001,0.56356150283067419
-118.33333333333333,-0.001,0.69739842454394685
-118.33333333333333,-0.001,0.58548636129696319
-118.33333333333333,-0.001,0.5955888660147538
-118.33333333333333,-0.001,0.60691334991708124
-118.33333333333333,-0.001,0.41917138445702523
-118.33333333333333,-0.001,0.71482211583591482
-118.33333333333333,-0.001,0.37510364842454402
-118.33333333333333,-0.0015,0.69796849087893875
-118.33333333333333,-0.0015,0.74759115813338362
-118.33333333333333,-0.0015,0.78488412368537075
-118.33333333333333,-0.0015,0.6342625159720523
-118.33333333333333,-0.0015,0.65851775604734941
-118.33333333333333,-0.0015,0.93052144341583209
-118.33333333333333,-0.0015,0.92987647967061249
-118.33333333333333,-0.0015,0.85359660033167506
-118.33333333333333,-0.0015,0.73405172413793096
-118.33333333333333,-0.0015,0.68398573171876476
-118.33333333333333,-0.0015,0.47632611391881752
-118.33333333333333,-0.002,0.85896467031928969
-118.33333333333333,-0.002,0.93874378109452739
-118.33333333333333,-0.002,0.81291816778178072
-118.33333333333333,-0.002,0.82234660033167506
-118.33333333333333,-0.002,0.96586228692602583
-118.33333333333333,-0.002,0.93278435409161098
-118.33333333333333,-0.002,0.91500829187396349
-118.33333333333333,-0.002,1.0523561438092555
-118.33333333333333,-0.002,0.94149734834075516
-118.33333333333333,-0.002,0.74350212589534592
-118.33333333333333,-0.002,0.60270985006917155
-116.25,-0.0,0.37978667269712052
-116.25,-0.0,0.3695601825952694
-116.25,-0.0,0.38660576428203808
-116.25,-0.0,0.44498198661863103
-116.25,-0.0,0.41164460715291462
-116.25,-0.0,0.42539904643449417
-116.25,-0.0,0.43749356664951111
-116.25,-0.0,0.40365878938640132
-116.25,-0.0,0.26091096242923323
-116.25,-0.0,0.26062789500771993
-116.25,-0.0,0.21543785109668084
-116.25,-0.0005,0.47991811774461024
-116.25,-0.0005,0.50437467833247562
-116.25,-0.0005,0.49186444825055053
-116.25,-0.0005,0.49593968562982199
-116.25,-0.0005,0.5020729684908789
-116.25,-0.0005,0.55638188368502295
-116.25,-0.0005,0.65231600617601626
-116.25,-0.0005,0.59539372104992272
-116.25,-0.0005,0.55707362425128482
-116.25,-0.0005,0.31160576428203812
-116.25,-0.0005,0.32365517350916434
-116.25,-0.001,0.60187868282699963
-116.25,-0.001,0.64411133985246183
-116.25,-0.001,0.63878023674729789
-116.25,-0.001,0.56278950077200207
-116.25,-0.001,0.5751752824346329
-116.25,-0.001,0.66711280553752961
-116.25,-0.001,0.68455229355788916
-116.25,-0.001,0.67286412763767367
-116.25,-0.001,0.61135271916280665
-116.25,-0.001,0.44812396351575456
-116.25,-0.001,0.47449396851359649
-116.25,-0.0015,0.75497512437810954
-116.25,-0.0015,0.71266297821238633
-116.25,-0.0015,0.69276891405043739
-116.25,-0.0015,0.76046193085206903
-116.25,-0.0015,0.6544068450849202
-116.25,-0.0015,0.88177681482166337
-116.25,-0.0015,0.94671952736318399
-116.25,-0.0015,0.76921357036187077
-116.25,-0.0015,0.93535340538685863
-116.25,-0.0015,0.79871342602199635
-116.25,-0.0015,0.66800651323942395
-116.25,-0.002,1.0851518270715388
-116.25,-0.002,1.141569495025671
-116.25,-0.002,1.0494662106135986
-116.25,-0.002,0.97627380339680903
-116.25,-0.002,0.94237672397506156
-116.25,-0.002,1.141896456474202
-116.25,-0.002,1.2713839021674844
-116.25,-0.002,1.1536520337824727
-116.25,-0.002,0.90192523298997962
-116.25,-0.002,0.8064085872234863
-116.25,-0.002,0.71521348951445296
-114.16666666666666,-0.0,0.46947446674672622
-114.16666666666666,-0.0,0.3820712483680887
-114.16666666666666,-0.0,0.41600617601646944
-114.16666666666666,-0.0,0.42295564431364302
-114.16666666666666,-0.0,0.38947503860010296
-114.16666666666666,-0.0,0.40675004851628388
-114.16666666666666,-0.0,0.42695377280265345
-114.16666666666666,-0.0,0.40661276948590386
-114.16666666666666,-0.0,0.32091913848479131
-114.16666666666666,-0.0,0.4848944930519814
-114.16666666666666,-0.0,0.21613351234669628
-114.16666666666666,-0.0005,0.48185957007415747
-114.16666666666666,-0.0005,0.53585609687411995
-114.16666666666666,-0.0005,0.53133906499160499
-114.16666666666666,-0.0005,0.46255700663349925
-114.16666666666666,-0.0005,0.54428718476582616
-114.16666666666666,-0.0005,0.49384971693257829
-114.16666666666666,-0.0005,0.47934854031728158
-114.16666666666666,-0.0005,0.49817170975722486
-114.16666666666666,-0.0005,0.43050373134328368
-114.16666666666666,-0.0005,0.42246805701626799
-114.16666666666666,-0.0005,0.334700123739337
-114.16666666666666,-0.001,0.63152985074626855
-114.16666666666666,-0.001,0.68356859006268844
-114.16666666666666,-0.001,0.54219634585692211
-114.16666666666666,-0.001,0.51945445187853845
-114.16666666666666,-0.001,0.695584577114428
-114.16666666666666,-0.001,0.60989862010701201
-114.16666666666666,-0.001,0.75537828100874949
-114.16666666666666,-0.001,0.69766672964292464
-114.16666666666666,-0.001,0.5390846400906858
-114.16666666666666,-0.001,0.68014096185737971
-114.16666666666666,-0.001,0.34566056523976818
-114.16666666666666,-0.0015,0.71507048092868997
-114.16666666666666,-0.0015,0.7910150047634168
-114.16666666666666,-0.0015,0.69148224395265068
-114.16666666666666,-0.0015,0.67576453397348901
-114.16666666666666,-0.0015,0.75265794316090773
-114.16666666666666,-0.0015,0.85386001029336067
-114.16666666666666,-0.0015,0.79446517412935336
-114.16666666666666,-0.0015,0.75615112678551843
-114.16666666666666,-0.0015,0.64111121090955281
-114.16666666666666,-0.0015,0.61730410447761197
-114.16666666666666,-0.0015,0.56194812727144428
-114.16666666666666,-0.002,0.84854031728151691
-114.16666666666666,-0.002,0.92738033968090572
-114.16666666666666,-0.002,0.79125008391326723
-114.16666666666666,-0.002,0.89509729831853369
-114.16666666666666,-0.002,0.98661409931474742
-114.16666666666666,-0.002,0.77907790049188763
-114.16666666666666,-0.002,0.86067170794961356
-114.16666666666666,-0.002,0.95498251748251728
-114.16666666666666,-0.002,0.85032385243593378
-114.16666666666666,-0.002,0.92314469320066339
-114.16666666666666,-0.002,0.6430426979028907
-112.08333333333333,-0.0,0.38250979948741143
-112.08333333333333,-0.0,0.37118461252066876
-112.08333333333333,-0.0,0.4131881575727917
-112.08333333333333,-0.0,0.35378281008749363
-112.08333333333333,-0.0,0.4279755644565777
-112.08333333333333,-0.0,0.50290787442099838
-112.08333333333333,-0.0,0.40813338371433971
-112.08333333333333,-0.0,0.39478926227420963
-112.08333333333333,-0.0,0.34139739154404364
-112.08333333333333,-0.0,0.49256304683479157
-112.08333333333333,-0.0,0.30306799336650092
-112.08333333333333,-0.0005,0.50325902134895129
-112.08333333333333,-0.0005,0.46063951077943605
-112.08333333333333,-0.0005,0.45625321667524438
-112.08333333333333,-0.0005,0.53234180362738681
-112.08333333333333,-0.0005,0.60843305690775851
-112.08333333333333,-0.0005,0.60859495625321669
-112.08333333333333,-0.0005,0.49779747097844101
-112.08333333333333,-0.0005,0.48729453995843552
-112.08333333333333,-0.0005,0.43960665862322079
-112.08333333333333,-0.0005,0.3647676161919039
-112.08333333333333,-0.0005,0.3350391217670512
-112.08333333333333,-0.001,0.59020004145936977
-112.08333333333333,-0.001,0.6080793946932006
-112.08333333333333,-0.001,0.60115800308800804
-112.08333333333333,-0.001,0.61125543170224816
-112.08333333333333,-0.001,0.60566956882255396
-112.08333333333333,-0.001,0.56470252902155882
-112.08333333333333,-0.001,0.59753447950122807
-112.08333333333333,-0.001,0.56941585177560494
-112.08333333333333,-0.001,0.49411299001446674
-112.08333333333333,-0.001,0.45392827529021562
-112.08333333333333,-0.001,0.36950971541388589
-112.08333333333333,-0.0015,0.68924567566962769
-112.08333333333333,-0.0015,0.75195531668958782
-112.08333333333333,-0.0015,0.77462686567164196
-112.08333333333333,-0.0015,0.64944029850746277
-112.08333333333333,-0.0015,0.71821356427084426
-112.08333333333333,-0.0015,0.86029336078229535
-112.08333333333333,-0.0015,0.80324156492832621
-112.08333333333333,-0.0015,0.77080869559307286
-112.08333333333333,-0.0015,0.635537828100875
-112.08333333333333,-0.0015,0.50352814857419503
-112.08333333333333,-0.0015,0.55403887852990563
-112.08333333333333,-0.002,0.81172263681592027
-112.08333333333333,-0.002,0.90264821724709776
-112.08333333333333,-0.002,0.95949562532166754
-112.08333333333333,-0.002,0.78901183736489944
-112.08333333333333,-0.002,0.97934689609278447
-112.08333333333333,-0.002,0.84184715011897027
-112.08333333333333,-0.002,1.0193199770069663
-112.08333333333333,-0.002,0.97691713844570272
-112.08333333333333,-0.002,0.80532683179671782
-112.08333333333333,-0.002,0.80787496086003541
-112.08333333333333,-0.002,0.70823961629855137
-110.0,-0.0,0.32651138248153178
-110.0,-0.0,0.40004383818611855
-110.0,-0.0,0.43309315491507983
-110.0,-0.0,0.38125076461952534
-110.0,-0.0,0.37402609593541736
-110.0,-0.0,0.38070066334991715
-110.0,-0.0,0.4091872395530689
-110.0,-0.0,0.38439572968490887
-110.0,-0.0,0.32302031509121065
-110.0,-0.0,0.45512075498924037
-110.0,-0.0,0.30108080288214112
-110.0,-0.0005,0.50647802653399654
-110.0,-0.0005,0.5186000377857547
-110.0,-0.0005,0.46564590838908893
-110.0,-0.0005,0.53770483248095191
-110.0,-0.0005,0.61267239750614033
-110.0,-0.0005,0.62531094527363162
-110.0,-0.0005,0.56769594058692041
-110.0,-0.0005,0.57835820895522394
-110.0,-0.0005,0.39988554567587603
-110.0,-0.0005,0.6064240587729699
-110.0,-0.0005,0.38021101389603701
-110.0,-0.001,0.59832877864200107
-110.0,-0.001,0.58561359867330021
-110.0,-0.001,0.63419894117288811
-110.0,-0.001,0.5287956767884715
-110.0,-0.001,0.71896844889476652
-110.0,-0.001,0.60504374678332473
-110.0,-0.001,0.64619145651055065
-110.0,-0.001,0.62054311774461035
-110.0,-0.001,0.53790783223509364
-110.0,-0.001,0.40522388059701497
-110.0,-0.001,0.35494957348255068
-110.0,-0.0015,0.69664531950178188
-110.0,-0.0015,0.7543689778953333
-110.0,-0.0015,0.67034618573797666
-110.0,-0.0015,0.66878538342768912
-110.0,-0.0015,0.83794568822553894
-110.0,-0.0015,0.86178482587064686
-110.0,-0.0015,0.84008887691893341
-110.0,-0.0015,0.77713083756629153
-110.0,-0.0015,0.67465563704466169
-110.0,-0.0015,0.62133942357179617
-110.0,-0.0015,0.55301080802882141
-110.0,-0.002,0.83088008234688626
-110.0,-0.002,0.83509535655058031
-110.0,-0.002,0.87861392339004274
-110.0,-0.002,0.92721324882437128
-110.0,-0.002,0.94827492969932947
-110.0,-0.002,0.85800165837479292
-110.0,-0.002,0.88770558750475503
-110.0,-0.002,0.90477191507252464
-110.0,-0.002,0.82629953679876478
-110.0,-0.002,0.76473638028062052
-110.0,-0.002,0.70391883455589421
